article_id,title,url,relevance_score,rubric_score,category,error
7669613775686812160,持续擦亮中国黄（渤）海候鸟栖息地绿色名片——访黄（渤）海候鸟栖息地申遗首席专家、北京林业大学教授雷光春,http://feed.huiwen.co/rssv2/toutiaohao_article_jpjiaoyu_718a2d0a9d9746608fbf9a0be1b13543/item/IL1CR4EZAEX87D3.html,10.0,15,internal_positive,
7669945669477614132,销售散装食品 审批最快仅需1日,http://t.ynet.cn/h5/38520887.html,0.0,0,internal_positive,
gmw:2026-07/25/content_38907089,在AI潮流中锚定价值坐标——读《上善AI：有温度的人工智能治理》,https://news.gmw.cn/2026-07/25/content_38907089.htm,20.0,45,external_positive,
tencent:20260805A0BXHX00,国家工信安全中心Office Agent最新测评，百度文库蝉联行业第一,https://view.inews.qq.com/a/20260805A0BXHX00,30.0,0,internal_positive,
7668220983425319467,“无论愿不愿意承认，我们的未来都与中国息息相关”,https://rss2.bjd.com.cn/content/5b5fb9d0e4b08630d8aef954/s6a6afc81e4b03fa51a823e61.html,0.0,0,internal_positive,
7667368221460267563,2026年亚洲速度轮滑场地系列赛（中国贵阳站）收官,http://m2.people.cn/news/toutiao.html?s=Ml8yXzQxNjUxNzQzXzE5NDgzMV8xNzg1MTk3NzM4,10.0,10,external_positive,
7667161887074779648,电池热失控引发火情！电动车安全隐患切勿大意,https://m.gmw.cn/toutiao/2026-07/27/content_1304538836.htm,20.0,0,internal_positive,
7667752468641563142,助力企业出海更稳健（政策解读）,http://m2.people.cn/news/toutiao.html?s=NF80XzMwMTcxNzg1Xzg4ODg4OF8xNzg1MjY3MTQw,0.0,0,internal_positive,
tencent:20260731A0AMZV00,“恒惠·经营通”精准赋能 恒丰银行助力达州产业跑出“加速度”,https://view.inews.qq.com/a/20260731A0AMZV00,5.0,0,external_positive,
7669787807082234387,高烧40℃以为只是感冒，男子患暴发性心肌炎心脏差点“停工”,https://m.gmw.cn/toutiao/2026-08/03/content_1304542558.htm,20.0,0,external_positive,
chinanews:/sh/2026/07-28/10668162,“热搜视频”可能是假的！起底虚假摆拍背后的“流量生意”,https://www.chinanews.com.cn/sh/2026/07-28/10668162.shtml,10.0,0,internal_positive,
7667580764787081769,陈吉宁龚正向老同志通报上海改革发展重点工作,https://m.thepaper.cn/newsDetail_forward_33676513?from=toutiao,15.0,10,external_positive,
tencent:20260731A0B0GR00,中国之声一线调研丨北京社区微更新实践观察：从“边角地”到“微花园”，方寸绿地如何织密花园城市肌理？,https://view.inews.qq.com/a/20260731A0B0GR00,20.0,0,internal_positive,
7669211172012360207,中国第三批埃博拉抗疫医疗专家组抵达刚果（金）,http://t.ynet.cn/h5/38512094.html,0.0,0,internal_positive,
7667136655542731305,人民日报·深圳人民眼丨“深圳绿”，最动人底色,http://m2.people.cn/news/toutiao.html?s=Ml8yXzQxNjUxMjUyXzIwMjg0Nl8xNzg1MTM1MDI5,5.0,0,external_positive,
7667749678167736884,提高首发经济的外溢效果持续激发消费活力,http://m2.people.cn/news/toutiao.html?s=MV8xXzQwNzcwMDIyXzQwNTMxXzE3ODUyODU2MjE=,0.0,0,internal_positive,
7670349898105012776,上海向“新”而行底气足（活力中国调研行）,http://m2.people.cn/news/toutiao.html?s=NF80XzMwMTczMTM2Xzg4ODg4OF8xNzg1ODcxMzE5,20.0,80,external_positive,
7666778118690013731,陈茂波：打造宜居宜业宜学宜游的北部都会区,http://my-h5news.app.xinhuanet.com/h5/article.html?articleId=202607266631504d707246f09caaf3f9587ec383,30.0,10,external_positive,
7667502423980409380,安徽广德：厚植创新生态激活产业发展新动能,http://m2.people.cn/news/toutiao.html?s=Ml8yXzQxNjUyNDQzXzM3NDE2NF8xNzg1MjIzMzcx,0.0,0,external_positive,
7671066572747833908,江淮大地，科技成果正落地生“金”,http://t.ynet.cn/h5/38537270.html,15.0,75,external_positive,
7667824164673159686,我国将建设国有文物资源数据登记管理平台,https://m.gmw.cn/toutiao/2026-07/29/content_38915020.htm,10.0,0,external_positive,
7670369567016780326,局长郭红波被停职，所谓“院长看上你了”等疑问仍待解,http://mp.weixin.qq.com/s?__biz=MjM5MzI5NTU3MQ==&mid=2652556353&idx=1&sn=a24b9ccee11d3a6d35b345a0055060eb,0.0,0,external_positive,
7669955334227755520,人民日报人民论坛：读懂“千里马之喻”的智慧,https://rss2.bjd.com.cn/content/5b5fb9d0e4b08630d8aef954/s6a71267de4b03fa51a827365.html,20.0,10,internal_positive,
7668321384518468096,韩龙：赤诚守初心 笃行担使命,https://rss2.bjd.com.cn/content/5b5fb9d0e4b08630d8aef954/s6a6b5307e4b0e45f3fd568e4.html,30.0,20,internal_positive,
7666012013948224051,外媒：关税政策反复调整，美国经济民生被拖累,https://wap.cyol.com/commonDetail/1424787,0.0,0,external_positive,
7669719421883810338,甘肃西和县灯塔村数百村民出现饮水困难：靠背水拉水维持生计，当地称正着手解决,https://m.thepaper.cn/newsDetail_forward_33710577?from=toutiao,0.0,0,external_positive,
chinanews:/jk/2026/07-25/10666484,第二届肿瘤精准治疗前沿论坛在内蒙古召开,https://www.chinanews.com.cn/jk/2026/07-25/10666484.shtml,20.0,0,internal_positive,
tencent:20260729A07L6P00,收盘｜创业板指涨1.55% 大消费板块走强,https://new.qq.com/rain/a/20260729A07L6P00,5.0,0,external_positive,
7668630275949101602,国内首款粉状特殊医学用途肿瘤全营养配方食品上市,https://m.bjnews.com.cn/detail/1785492077168587.html,10.0,0,internal_positive,
tencent:20260729A094M200,甘肃天水伏羲庙，这里藏着文明最初的模样,https://new.qq.com/rain/a/20260729A094M200,10.0,0,external_positive,
7667711089051697715,构建可持续发展的美好未来,http://m2.people.cn/news/toutiao.html?s=MV8xXzQwNzY5NzY1XzEwMDJfMTc4NTI3NjA5MQ==,10.0,0,internal_positive,
7669247634254676516,新闻周刊丨超9万人次志愿者 投身广西横州参与救灾,http://t.ynet.cn/h5/38511761.html,0.0,10,external_positive,
7669200451451191844,人民日报头版关注：上海稳步建设全球科创高地,https://m.thepaper.cn/newsDetail_forward_33696556?from=toutiao,20.0,25,external_positive,
7670486460629402153,钦州向海产业强劲发展上半年GDP增长7．2％,http://m2.people.cn/news/toutiao.html?s=Ml8yXzQxNjYwMTU1XzE3OTQ2NF8xNzg1OTIyNDcz,0.0,0,external_positive,
chinanews:/cj/2026/07-30/10669150,京东健康全链路赋能基层，以“AI+供应链”破解“配不齐、送不到、用不好”难题,https://www.chinanews.com.cn/cj/2026/07-30/10669150.shtml,0.0,0,internal_positive,
chinanews:/sh/2026/07-31/10670156,中国专家团队率先破解肝癌肺转移“时空密码”,https://www.chinanews.com.cn/sh/2026/07-31/10670156.shtml,0.0,0,internal_positive,
7669983917633503753,行进中国丨一杯奶的城乡共富路,http://m2.people.cn/news/toutiao.html?s=Ml8yXzQxNjU4NDI3XzE5MjQ5M18xNzg1ODA0NTk2,0.0,0,external_positive,
7669650676074463782,网传“空调24小时不关更省电”？电力公司：无依据，不建议,https://news.bjd.com.cn/2026/08/03/11898191.shtml,0.0,0,internal_positive,
7666764882485920282,北京胸科医院、北京同仁医院用专病数据“训练”智能体,https://rss2.bjd.com.cn/content/5b5fb9d0e4b08630d8aef954/s6a65d0cae4b03fa51a821419.html,5.0,0,internal_positive,
7668228376977375784,【活力中国调研行】机器人训练缺场景？这个国家级中试基地“管够”！,https://wap.cyol.com/commonDetail/1430165,20.0,30,external_positive,
7666649145303188011,安庆：“服务好存量企业就是最大的招商引资”,http://m2.people.cn/news/toutiao.html?s=Ml8yXzQxNjUwMjU5XzM1ODQyOF8xNzg1MDI2Nzcz,0.0,0,external_positive,
tencent:20260727A07JBA00,第三届“青春漠漠搭”沙漠营地文化旅游 促消费活动重磅启幕,https://view.inews.qq.com/a/20260727A07JBA00,0.0,0,external_positive,
7668489369183666738,上海大师赛见证中国斯诺克蓬勃发展,http://m2.people.cn/news/toutiao.html?s=MV8xXzQwNzcxMzk5XzEwMTJfMTc4NTQ1NzgyNQ==,10.0,0,external_positive,
7670432439537304116,“和超”持续火热精彩纷呈,http://m2.people.cn/news/toutiao.html?s=Ml8yXzQxNjU5NzczXzM3NDE2NF8xNzg1ODk4MDE1,10.0,5,external_positive,
7667009820855239174,四川省雅安市雨城区发布暴雨黄色预警信号,http://t.ynet.cn/h5/38480009.html,0.0,0,internal_positive,
chinanews:/sh/2026/07-24/10665825,甘肃临夏：千“面”万店 “拉”动乡兴,https://www.chinanews.com.cn/sh/2026/07-24/10665825.shtml,20.0,5,external_positive,
7670813452701450798,谜题解开！胶球存在,https://rss2.bjd.com.cn/content/5b5fb9d0e4b08630d8aef954/s6a743377e4b03fa51a82911e.html,0.0,35,internal_positive,
qianlong:2026/0806/8708181,北京西城拟推进醇亲王府等文物腾退,https://beijing.qianlong.com/2026/0806/8708181.shtml,5.0,0,internal_positive,
7668704619786306048,国务院常务会议解读丨住房公积金将更好满足居民多样化住房消费需求,http://my-h5news.app.xinhuanet.com/h5/article.html?articleId=20260731fa49f7fa459c4b3995ce531a79fe07ed,0.0,0,internal_positive,
chinanews:/gn/2026/08-06/10673137,（活力中国调研行）从“上学”到“上岗” 机器人如何从训练场走向千行百业,https://www.chinanews.com.cn/gn/2026/08-06/10673137.shtml,10.0,0,internal_positive,
7669945699764666922,动漫谷“瞌睡猫”文创街开启试运营,http://t.ynet.cn/h5/38520891.html,30.0,5,internal_positive,
7666765009917051446,非法社会组织试图重出江湖：起底“中国数字信息与安全产业联盟”,https://m.thepaper.cn/newsDetail_forward_33662137?from=toutiao,5.0,0,internal_positive,
7668561169120018996,宁德中院领导到基层法院宣讲调研,https://m.gmw.cn/toutiao/2026-07/31/content_38920483.htm,0.0,0,internal_positive,
gmw:2026-07/31/content_38919131,以系统观念加快科技创新和产业创新深度融合,https://news.gmw.cn/2026-07/31/content_38919131.htm,30.0,10,internal_positive,
laodongwubao:/content/2026-07/27/content_170391,上接第１版,http://ldwb.workerbj.cn/content/2026-07/27/content_170391.htm,0.0,0,internal_positive,
chinanews:/dwq/2026/07-25/10666476,香港立法会议员完成国家事务研修考察返港 李慧琼：启发于心、回馈于行,https://www.chinanews.com.cn/dwq/2026/07-25/10666476.shtml,25.0,0,internal_positive,
chinanews:/dxw/2026/08-03/10671154,这件“青铜虎”，为何兼具勇猛霸气与伏鸟柔情？,https://www.chinanews.com.cn/dxw/2026/08-03/10671154.shtml,30.0,0,external_positive,
gmw:2026-07/29/content_38913796,筑牢防灾避险第一道防线,https://news.gmw.cn/2026-07/29/content_38913796.htm,30.0,25,external_positive,
7669784022192489014,1年“砍掉”49家省级经开区，辽宁大刀阔斧“瘦身”,https://m.bjnews.com.cn/detail/1785759994129233.html,0.0,0,internal_positive,
7671107623780909611,向前一步把法“种”进山海间,http://m2.people.cn/news/toutiao.html?s=MV8xXzQwNzc1Njc0XzEwMDhfMTc4NjA2NzE0Mg==,15.0,0,external_positive,
7667399178012394010,别再顶着烈日来回折腾！上海医院门诊时间“变了”：中午连一连，晚上延一延,http://m2.people.cn/news/toutiao.html?s=Ml8yXzQxNjUyMDYyXzEzNDc2OF8xNzg1MjAyNDQ4,0.0,0,external_positive,
7667763974057886235,联盟官方：魔术连续第二年获得“球队国际战略奖”,http://t.ynet.cn/h5/38491993.html,20.0,0,internal_positive,
7668896470803677730,河南省级层面整治形式主义为基层减负专项工作机制会议召开,http://m2.people.cn/news/toutiao.html?s=Ml8yXzQxNjU2NDMwXzM1MTYzOF8xNzg1NTQ2NTg2,0.0,50,external_positive,
7667727933134307867,广昌贡莲一路生花,http://t.ynet.cn/h5/38491125.html,0.0,0,external_positive,
7670831848796308002,高空抛物已入刑，为何还有人以身试法？存在三个认知误区,https://rss2.bjd.com.cn/content/5b5fb9d0e4b08630d8aef954/s6a74442fe4b03fa51a8291ca.html,35.0,0,internal_positive,
tencent:20260803A082QA00,暴跌19%！美国购房热退潮，政策变动与移民收紧是主因？,https://view.inews.qq.com/a/20260803A082QA00,10.0,0,external_positive,
tencent:20260803A07FQS00,极为罕见！日美联合干预汇市，或追加行动,https://view.inews.qq.com/a/20260803A07FQS00,0.0,0,external_positive,
7668486434747220515,吉林汪清：抗洪救灾进行时,https://m.gmw.cn/toutiao/2026-07/31/content_38919331.htm,0.0,0,internal_positive,
7670357832218313254,服务向阳守初心、金融为民践使命——招商银行北京分行服务首都三十二年,http://m2.people.cn/news/toutiao.html?s=Ml8yXzQxNjU5NTkzXzgyODM5XzE3ODU4OTM1OTk=,30.0,0,internal_positive,
7669937556665942578,读懂“千里马之喻”的智慧（人民论坛）,http://m2.people.cn/news/toutiao.html?s=MV8xXzQwNzczMjUyXzQ2MTUyOV8xNzg1Nzk1Mzkz,20.0,5,internal_positive,
7668241997827752463,情暖退役老兵！中建海峡江西公司开展八一建军节主题党日活动,http://m2.people.cn/news/toutiao.html?s=Ml8yXzQxNjU0NjM2XzE4MTQ2Nl8xNzg1Mzk0MDkz,30.0,0,external_positive,
tencent:20260801A019BM00,认知工作室 | 起底美国炮制“强迫劳动”把戏：把“家规”变成国际法,https://view.inews.qq.com/a/20260801A019BM00,0.0,0,external_positive,
7669597277492625971,海东公安“送考下乡”打通交管服务“最后一公里”,http://t.ynet.cn/h5/38516306.html,20.0,0,external_positive,
tencent:20260731A02VUM00,当地时间7月31日，日本政府正式设立“国家情报局”，高市早苗担任“国家情报会议”主席,https://view.inews.qq.com/a/20260731A02VUM00,0.0,0,external_positive,
gmw:2026-08/07/content_38931117,木薯产业垂类大模型在海口发布,https://news.gmw.cn/2026-08/07/content_38931117.htm,20.0,0,external_positive,
tencent:20260805A046YY00,暑期过半数据盘点：北京居国内酒店预订量首位,https://view.inews.qq.com/a/20260805A046YY00,10.0,0,internal_positive,
7668513733928321576,非常一周｜RICHARD MILLE挚友五夺环法总冠军；积家携手章子怡演绎时间美学,https://m.thepaper.cn/newsDetail_forward_33688756?from=toutiao,0.0,0,internal_positive,
7666025674083238435,@新毕业大学生和青年人才 顺义300套房源将专项配租,https://rss2.bjd.com.cn/content/5b5fb9d0e4b08630d8aef954/s6a6330d1d5de3eb7350e6c47.html,10.0,20,internal_positive,
7667856773089182248,3天养成睫毛精？乌斯玛草产品营销在违规边缘疯狂试探,https://m.bjnews.com.cn/detail/1785311956169168.html,0.0,0,internal_positive,
tencent:20260806A06FA200,以文化人润警心 凝心聚力铸忠诚——兵团第十二师公安局深入实施公安文化精品工程纪实,https://view.inews.qq.com/a/20260806A06FA200,30.0,0,external_positive,
tencent:20260804A0D1G100,莫力达瓦达斡尔族自治旗：夏管正酣 “技”润良田,https://view.inews.qq.com/a/20260804A0D1G100,15.0,0,external_positive,
7671012941205864996,北京丰台在全市率先系统性布局中试平台集聚区,https://m.bjnews.com.cn/detail/1786015162129259.html,10.0,0,internal_positive,
chinanews:/gn/2026/07-27/10667354,2024-2025年度湖南省科学技术奖揭晓 308项项目获奖,https://www.chinanews.com.cn/gn/2026/07-27/10667354.shtml,15.0,20,external_positive,
7666986521743884809,医院通报男性检验单现女性信息,https://m.gmw.cn/toutiao/2026-07/27/content_1304538535.htm,0.0,0,external_positive,
7666089929445573161,8人用餐要收22套餐具费？西安莲湖区市监局：已立案查处,https://m.thepaper.cn/newsDetail_forward_33654321?from=toutiao,0.0,0,internal_positive,
chinanews:/sh/2026/08-01/10670599,浙江立法规范生成式人工智能领域妇女权益保护,https://www.chinanews.com.cn/sh/2026/08-01/10670599.shtml,30.0,45,external_positive,
tencent:20260725A0AWMN00,《一人之下》首部院线动画电影《绵山血战》官宣定档2027年，“是整部作品最激昂、最热血、最有看头的激斗篇章”,https://view.inews.qq.com/a/20260725A0AWMN00,0.0,5,external_positive,
tencent:20260804A0677O00,乒乓球裁判界泰斗程嘉炎去世，享年92岁,https://view.inews.qq.com/a/20260804A0677O00,15.0,0,internal_positive,
7668515227796832811,天长市审计局：全流程质量管控守护审计监督生命线,http://m2.people.cn/news/toutiao.html?s=Ml8yXzQxNjU1Mjg1XzM3NDE2NF8xNzg1NDU5ODQ5,0.0,0,internal_positive,
7667402034831737386,百姓话思想｜老吾老,https://m.thepaper.cn/newsDetail_forward_33671231?from=toutiao,10.0,0,external_positive,
7667727916251316772,这里奏响铿锵的“新”协奏曲,http://t.ynet.cn/h5/38491127.html,20.0,10,external_positive,
tencent:20260806A0AX4R00,“985高校博士后被曝在妻子孕期出轨”后续：涉事男子已入职新高校，学校回复称将进行审查,https://view.inews.qq.com/a/20260806A0AX4R00,15.0,20,internal_positive,
tencent:20260806A0AFMX00,别让妈妈硬扛！母乳喂养不是她一个人的事,https://view.inews.qq.com/a/20260806A0AFMX00,30.0,10,external_positive,
7667834670066713103,新技术助力降本增效，我国物流数字化进入新阶段,https://rss2.bjd.com.cn/content/5b5fb9d0e4b08630d8aef954/s6a699cafe4b0e45f3fd558b0.html,0.0,0,internal_positive,
7670419211369447982,北京市交通委员会所属事业单位公开招聘9名工作人员,https://rss2.bjd.com.cn/content/5b5fb9d0e4b08630d8aef954/s6a72cc0be4b0e45f3fd5a5ad.html,15.0,0,internal_positive,
7668254074252378675,浦江之畔  潮启新澜——人工智能全球治理迎来里程碑时刻,http://my-h5news.app.xinhuanet.com/h5/article.html?articleId=202607306168de4fe868415db7d23e62326d2377,0.0,15,external_positive,
tencent:20260731A04ZE300,宁夏银川长城花园社区：把居民需求装进百宝箱,https://view.inews.qq.com/a/20260731A04ZE300,0.0,0,external_positive,
7668637094209684020,岚目镜观｜“小骂大帮忙”：最高法院如何选择性制衡特朗普2.0（下）,https://m.thepaper.cn/newsDetail_forward_33688985?from=toutiao,0.0,0,external_positive,
7667039936926827044,长沙机场城际快速干道一标段高架主线贯通 预计年底通车,http://api.chenshipin.com/wap/a/6a66c7db84201719541f25b6/90f456b81afce808c1fcfbd3f5761f65/1785121810/01cdf9c6c14fdbb42d692aeca99429614fbaf32fdf1193c14b9edde8dcecc6d0,0.0,0,external_positive,
7670063766058402319,安居小课堂｜“限下”手册线上讲36——各区经验交流,https://rss2.bjd.com.cn/content/5b5fb9d0e4b08630d8aef954/s6a7188bdd5de97bd74823468.html,15.0,0,internal_positive,
7667749640216805934,国家中医药局：坚持中西医并重已成为基层医疗机构特点,http://m2.people.cn/news/toutiao.html?s=MV8xXzQwNzY5NzIyXzE0NzM5XzE3ODUyMzc3NjM=,0.0,0,internal_positive,
7667147092879622702,济南热力集团和道分公司：党建引领筑防线，织密技改项目“安全网”,http://m2.people.cn/news/toutiao.html?s=Ml8yXzQxNjUxMjY1XzM4Njc4NV8xNzg1MTM1NTc0,10.0,0,external_positive,
chinanews:/gj/2026/08-05/10672456,中国团队最新研究：全球变暖放大厄尔尼诺效应 加剧南亚夏季干旱风险,https://www.chinanews.com.cn/gj/2026/08-05/10672456.shtml,10.0,0,internal_positive,
tencent:20260728A0335I00,用服务树口碑  柘林城管满意度连续两年稳居全市前列,https://view.inews.qq.com/a/20260728A0335I00,10.0,0,external_positive,
7665950341741806132,台风“红霞”趋近 交通运输部启动台风三级防御响应,https://m.bjnews.com.cn/detail/1784854723129425.html,0.0,0,external_positive,
7670830598038061568,休达欲将千名未成年移民送到西班牙本土,http://my-h5news.app.xinhuanet.com/h5/article.html?articleId=20260806cd4bf3450dc14fd9a2c9d08cced9873d,0.0,0,internal_positive,
7667266592983613993,综述｜多国专家盛赞习近平党建思想为世界政党建设提供重要启迪,http://my-h5news.app.xinhuanet.com/h5/article.html?articleId=202607284145419a92ee48efbeb8a3e684aca232,10.0,5,external_positive,
7666636167852458542,碧波之上 海菜花开,http://m2.people.cn/news/toutiao.html?s=Ml8yXzQxNjUwMjM0XzM3ODQzOV8xNzg1MDI2NDA0,20.0,0,external_positive,
7668091256966283803,北京人形机器人产业优先落地“4D”场景,http://t.ynet.cn/h5/38495815.html,20.0,5,internal_positive,
7666823980367561256,瓣瓣一线｜村干部带头直播，河北“手套重镇”年产2亿双手套卖到全国各地,http://t.ynet.cn/h5/38479191.html,15.0,0,internal_positive,
7670142471229227547,啥是“天链”？为什么叫它“卫星的卫星”,http://t.ynet.cn/h5/38524251.html,15.0,0,external_positive,
7670872916083229227,票根助力 欢乐夜游,https://rss2.bjd.com.cn/content/5b5fb9d0e4b08630d8aef954/s6a746939e4b03fa51a82937d.html,5.0,0,internal_positive,
7669344602737885711,注意绕行！昌平韦氏加油站、朝阳红军营铁路桥积水断路，抢险处置正在进行,https://rss2.bjd.com.cn/content/5b5fb9d0e4b08630d8aef954/s6a6efbb7e4b03fa51a82613f.html,0.0,0,internal_positive,
7669734323217498678,这群“最可爱的人”挽臂献血致敬荣光岁月,http://m2.people.cn/news/toutiao.html?s=Ml8yXzQxNjU3ODM2XzE5MjIzN18xNzg1NzQyMDg0,20.0,0,external_positive,
7668448039053165090,探索“无人区”步履不停歇（中国道路中国梦·青春为中国式现代化挺膺担当58）,http://m2.people.cn/news/toutiao.html?s=MV8xXzQwNzcxMjM0XzQ2MTUyOV8xNzg1NDQ4Njg3,15.0,0,external_positive,
tencent:20260724A08XPM00,快评丨女童毕业照走光家长维权，退款不是购买辱骂客户的“门票”,https://view.inews.qq.com/a/20260724A08XPM00,20.0,25,external_positive,
7669246571216781866,美国华盛顿州山火蔓延，多地发布最高级别疏散令,https://rss2.bjd.com.cn/content/5b5fb9d0e4b08630d8aef954/s6a6ea273e4b03fa51a825d97.html,5.0,0,internal_positive,
7667069390549959231,【活力中国调研行】浙江：到2030年人工智能核心产业营收达到1.2万亿元,https://wap.cyol.com/commonDetail/1427177,30.0,40,external_positive,
tencent:20260803A02SCK00,大神齐聚庐州，笔墨联结山河！从国家级论坛看安徽网络文学的破圈与深耕,https://view.inews.qq.com/a/20260803A02SCK00,0.0,0,external_positive,
tencent:20260729A0BFPZ00,龙煤七台河矿业公司首届“矿超”火热开赛,https://view.inews.qq.com/a/20260729A0BFPZ00,0.0,10,external_positive,
7667839731859292687,2026年上半年我国宏观经济形势分析及展望,https://rss2.bjd.com.cn/content/5b5fb9d0e4b08630d8aef954/s6a69a32ee4b03fa51a823316.html,0.0,0,internal_positive,
gmw:2026-07/28/content_38911394,如何让爸妈会健身、健好身？,https://news.gmw.cn/2026-07/28/content_38911394.htm,10.0,0,internal_positive,
7670044356593680911,维他奶再添一家国家级绿色工厂,http://m2.people.cn/news/toutiao.html?s=MV8xXzQwNzczNzMxXzEwMDRfMTc4NTgyMDQyNQ==,0.0,0,external_positive,
gmw:2026-07/28/content_38911468,英国新首相的权力下放改革能走多远,https://news.gmw.cn/2026-07/28/content_38911468.htm,0.0,0,internal_positive,
7669563871740346916,“中国共产党始终植根人民、与时俱进”,http://m2.people.cn/news/toutiao.html?s=MV8xXzQwNzcyNDc3XzEwMDJfMTc4NTcwODMwNA==,15.0,5,external_positive,
7669937396452868618,一段跨越世纪的友情（大道之行）,http://m2.people.cn/news/toutiao.html?s=MV8xXzQwNzczMjEyXzEwMDJfMTc4NTc5NTAwOQ==,15.0,0,internal_positive,
tencent:20260727A0BLLV00,近万跑者燃动山海 三亚经济圈向世界递出“雨林名片”,https://view.inews.qq.com/a/20260727A0BLLV00,15.0,0,external_positive,
tencent:20260805A0DCCC00,推动职场生态升级 2026家庭友好企业评选启动,https://view.inews.qq.com/a/20260805A0DCCC00,10.0,20,external_positive,
7667378555850277410,注重强健自身，始终充满生机活力,http://m2.people.cn/news/toutiao.html?s=MV8xXzQwNzY5MzI2XzExNzA5Ml8xNzg1MTk4OTAx,5.0,0,external_positive,
7667779462938853934,“新新三样”圈粉 机器人从“展台”走向“车间” 上下游产业链“爆单”,http://t.ynet.cn/h5/38492343.html,0.0,10,external_positive,
7667410408856093226,愈见你 | 摔倒之后，遭遇烦人的TFCC损伤,https://m.thepaper.cn/newsDetail_forward_33671351?from=toutiao,20.0,0,external_positive,
7666276442523386431,两男子频繁入住电竞酒店，一进门就拆机，半个月竟偷走16根内存条；今年以来全球存储芯片价格攀升，专家：涨价周期可能延续至2028年,https://m.gmw.cn/toutiao/2026-07/25/content_1304537758.htm,0.0,0,external_positive,
7666312356317676068,经济日报：依法查处平台企业垄断行为，推动平台经济高质量发展,https://m.thepaper.cn/newsDetail_forward_33657147?from=toutiao,0.0,0,external_positive,
chinanews:/cj/2026/07-29/10668739,山西灵丘：三名青年返乡深耕科创赛道 创业兴企赋能本地民众就业,https://www.chinanews.com.cn/cj/2026/07-29/10668739.shtml,30.0,0,internal_positive,
tencent:20260726A09PSP00,一财社论：以综合效益最大化和追责具体化规范财政项目支出,https://view.inews.qq.com/a/20260726A09PSP00,15.0,0,internal_positive,
7667378173915202094,把残疾人兜底保障摆在更突出位置,http://t.ynet.cn/h5/38485810.html,0.0,50,external_positive,
7666262897038869007,汇聚蓬勃力量 书写振兴画卷,http://m2.people.cn/news/toutiao.html?s=Ml8yXzQxNjQ5Njg2XzM4Mzg4Nl8xNzg0OTM5MDky,10.0,0,external_positive,
7671094646197486123,昌平布局“三条走廊”打造北京北部“产业黄金带”,http://m2.people.cn/news/toutiao.html?s=Ml8yXzQxNjYxNjY0XzE0NTQwXzE3ODYwNjU0MTc=,20.0,20,internal_positive,
7667495351720378920,江苏一电商企业被举报偷逃税款，多笔企业所得转入私人账户,https://m.thepaper.cn/newsDetail_forward_33673263?from=toutiao,0.0,0,external_positive,
7667775249399743027,曾经留白，如今直白 ——从话剧《青蛇》看经典重排的审美思考,https://m.gmw.cn/toutiao/2026-07/29/content_38914639.htm,15.0,0,internal_positive,
7665997498628014634,受台风“红霞”影响 广东省内铁路将全线停运,http://m2.people.cn/news/toutiao.html?s=Ml8yXzQxNjQ5MTM1XzEyMzkzMl8xNzg0ODc2OTgx,0.0,0,external_positive,
tencent:20260806A0BDPW00,三场重磅演出轮番登“鹭”,https://view.inews.qq.com/a/20260806A0BDPW00,30.0,0,internal_positive,
chinanews:/gn/2026/07-30/10669170,湖北省自然科学基金联合基金年度总投入逾3.4亿元,https://www.chinanews.com.cn/gn/2026/07-30/10669170.shtml,10.0,10,external_positive,
laodongwubao:/content/2026-08/05/content_170747,久久为功，抢占电力科技原始创新高地｜——记2026北京市最美科技工作者、清华大学电机工程与应用电子技术系教授何金良,http://ldwb.workerbj.cn/content/2026-08/05/content_170747.htm,30.0,25,internal_positive,
tencent:20260729A0963700,首届黑龙江银发经济消费博览会盛大开幕,https://new.qq.com/rain/a/20260729A0963700,20.0,0,external_positive,
7669460493765001778,第二届亚洲大学生篮球联赛（AUBL）杭州开赛,https://rss2.bjd.com.cn/content/5b5fb9d0e4b08630d8aef954/s6a6f6471e4b0e45f3fd5897d.html,20.0,10,internal_positive,
tencent:20260731A02V1100,重磅官宣！我国“黄金大外环”要来了，有哪些利好,https://view.inews.qq.com/a/20260731A02V1100,0.0,0,internal_positive,
7668232940127650350,四川新一轮明显降雨来袭 今晚至后天盆地一带或频遭强降雨,http://t.ynet.cn/h5/38499367.html,0.0,0,internal_positive,
7669597245449077302,破壁垒聚资源 强链条兴集群——石家庄高新区以“三维共享”模式打造生物医药产业高地,http://t.ynet.cn/h5/38516186.html,0.0,10,external_positive,
7666428119087071750,从造车新势力“原生智能”到传统制造“老树新枝” 制造业升级走向全链条系统重塑,http://t.ynet.cn/h5/38472575.html,0.0,10,external_positive,
tencent:20260802A07NST00,上市十年再出发 江苏银行书写高质量发展新答卷,https://view.inews.qq.com/a/20260802A07NST00,0.0,0,internal_positive,
7665988195837968947,对话｜温网女双冠军郭涵煜：面对焦虑和挫败，是所有人的课题,https://m.thepaper.cn/newsDetail_forward_33651341?from=toutiao,20.0,5,internal_positive,
qianlong:2026/0731/8705444,这个夏天，15组骑手家庭在北京团圆,https://beijing.qianlong.com/2026/0731/8705444.shtml,20.0,0,internal_positive,
7668543840923550249,山西省吕梁市交口县发布暴雨蓝色预警信号,http://t.ynet.cn/h5/38503816.html,10.0,0,external_positive,
7668494443669946915,科技强区正当时,http://m2.people.cn/news/toutiao.html?s=Ml8yXzQxNjU1MTQ3XzE5NjY2N18xNzg1NDU3NjA1,10.0,0,external_positive,
7667769275133739583,“发现最美铁路·钢铁动脉助力东北振兴”主题宣传活动启动,https://m.gmw.cn/toutiao/2026-07/28/content_38913428.htm,15.0,0,internal_positive,
7667082781243818538,“烦心路”变“民心路”,http://t.ynet.cn/h5/38482168.html,0.0,0,external_positive,
gmw:2026-08/06/content_38929168,【学思践悟】以常态化精准帮扶筑牢边疆民族地区共同富裕根基,https://news.gmw.cn/2026-08/06/content_38929168.htm,25.0,0,external_positive,
bjrb:bjrb2026072600103,守护万千患者“心”生,https://bjrbdzb.bjd.com.cn/bjrb/mobile/2026/20260726/20260726_001/content_20260726_001_3.htm,20.0,0,internal_positive,
7670545988758536731,CBA｜浙江广厦男篮对于交易核心球员胡金秋持开放态度,http://t.ynet.cn/h5/38531302.html,23.0,0,internal_positive,
7670148907443175972,【看见发改2026】发改君邀您逛“花园”③｜观长城森林步道，万物交融的“林海绿脉”,https://rss2.bjd.com.cn/content/5b5fb9d0e4b08630d8aef954/s6a71d720d5de3eb73513e30e.html,20.0,0,internal_positive,
7666803900598469156,2026低空经济产业对接会拉开帷幕,http://m2.people.cn/news/toutiao.html?s=Ml8yXzQxNjUwNTMwXzM1MTYzOF8xNzg1MDYzMDU1,0.0,0,internal_positive,
7670867555045425691,朝阳区推进东大桥路口微改造，破解居民出行难题,http://t.ynet.cn/h5/38536251.html,0.0,10,internal_positive,
7671064146116428328,前沿领域投资渐热,http://t.ynet.cn/h5/38537575.html,10.0,0,internal_positive,
7670372649654043188,视频丨千年古城如何留下游客？13个旅游特色村连成“村圈”,http://t.ynet.cn/h5/38527342.html,10.0,0,internal_positive,
7667417944602853940,省运会青少年滑板比赛收官 三明队获金牌1枚,http://t.ynet.cn/h5/38487400.html,30.0,0,external_positive,
7668076892532048399,以体育赛事增强城市发展动力（专题深思）,http://m2.people.cn/news/toutiao.html?s=MV8xXzQwNzcwNTQ3XzQ2MTUzMF8xNzg1MzYyMjIy,20.0,10,internal_positive,
tencent:20260806A0AF9C00,张一鸣定调坚持自研后，字节开了一场全员会,https://view.inews.qq.com/a/20260806A0AF9C00,30.0,10,external_positive,
bjrb:bjrb2026072800207,中医药服务2030年覆盖全民,https://bjrbdzb.bjd.com.cn/bjrb/mobile/2026/20260728/20260728_002/content_20260728_002_7.htm,30.0,25,internal_positive,
7668096145964548658,北京人形机器人产业优先落地“4D”场景,http://t.ynet.cn/h5/38496407.html,20.0,0,internal_positive,
7669615399599620617,志愿服务融进去基层治理有暖意,http://m2.people.cn/news/toutiao.html?s=Ml8yXzQxNjU3NDIzXzE5MjIzNV8xNzg1NzE5MjM3,0.0,35,external_positive,
7667244562380849683,博鳌亚洲论坛珀斯会议举行 聚焦绿色转型,http://m2.people.cn/news/toutiao.html?s=MV8xXzQwNzY5MDE0XzQwODAzOF8xNzg1MTY0MTQ4,0.0,0,internal_positive,
tencent:20260731A007L100,20个优质项目晋级！这一“医药健康”专题预选赛在蓉举办,https://view.inews.qq.com/a/20260731A007L100,15.0,10,external_positive,
7668968468021658118,特朗普最新支持率公布,https://rss2.bjd.com.cn/content/5b5fb9d0e4b08630d8aef954/s6a6da57ae4b03fa51a825858.html,0.0,0,internal_positive,
7667133825264173594,中国中冶：聚力提质增效 赋能价值提升,http://m2.people.cn/news/toutiao.html?s=MV8xXzQwNzY4OTU5XzEwMDRfMTc4NTE0Mjg2Mw==,0.0,0,external_positive,
7666218972949316102,8个行业试点征收挥发性有机物环保税,http://m2.people.cn/news/toutiao.html?s=MV8xXzQwNzY3NjM2XzEwMDRfMTc4NDkyOTg0OA==,0.0,0,internal_positive,
7670843707087716890,北京电网最大负荷创历史新高！2939.9万千瓦！,https://news.bjd.com.cn/2026/08/06/11903739.shtml,0.0,0,internal_positive,
7668079134753227316,城市观察｜北京露天泳池为何越来越少了？,https://rss2.bjd.com.cn/content/5b5fb9d0e4b08630d8aef954/s6a6a7d45e4b03fa51a8238ce.html,15.0,0,internal_positive,
7670170090093625919,观察｜“产能过剩”？西方高筑对华贸易壁垒的又一借口,https://wap.cyol.com/commonDetail/1434666,0.0,0,external_positive,
7668511266805187107,山西省晋中市榆社县发布雷暴大风蓝色预警信号,http://t.ynet.cn/h5/38503049.html,20.0,0,external_positive,
chinanews:/gn/2026/08-06/10673163,时政新闻眼丨如何把百年大党建设得更加坚强有力？总书记这样部署,https://www.chinanews.com.cn/gn/2026/08-06/10673163.shtml,10.0,0,internal_positive,
7667754821214110223,威海无花果产业牵手寿光大棚技术，三款新品种首次上市,http://m2.people.cn/news/toutiao.html?s=Ml8yXzQxNjUyOTY5XzE2NjE5Ml8xNzg1Mjg2MDE3,0.0,0,internal_positive,
tencent:20260804A0EZG100,视频丨美AI模型自主入侵网络系统引担忧 如何筑牢AI安全底线？,https://view.inews.qq.com/a/20260804A0EZG100,20.0,0,internal_positive,
7671061631295668779,市民商场“避暑”遇尴尬 冷气真的打折了吗？,http://t.ynet.cn/h5/38537143.html,0.0,0,internal_positive,
7668869885954392619,新规落地仅9天，内蒙古警方破获自治区首例替来他明贩毒刑案,https://m.bjnews.com.cn/detail/1785547853168593.html,0.0,10,external_positive,
7669639964992209458,京城消费烟火旺 线上团购实惠香,http://t.ynet.cn/h5/38517601.html,0.0,0,internal_positive,
7669726504670052883,永川：看病更舒心支付更便利,http://m2.people.cn/news/toutiao.html?s=Ml8yXzQxNjU3OTUzXzM2NTQxM18xNzg1NzQ2MDQ0,0.0,0,external_positive,
7668232257739735604,中国科协年会“青藏高原多圈层耦合与全球气候变化：岩石圈-大气圈-水圈-冰冻圈协同演变”专题论坛举办,https://m.gmw.cn/toutiao/2026-07/30/content_38918164.htm,10.0,15,internal_positive,
7667708503342973480,促进团结奋斗汇聚磅礴力量,http://m2.people.cn/news/toutiao.html?s=MV8xXzQwNzY5NzU3XzQ2MTUyOV8xNzg1Mjc1Nzgy,10.0,0,internal_positive,
tencent:20260803A0AQEF00,拉萨市生态环境质量保持全国领先，绘就高原生态新画卷,https://view.inews.qq.com/a/20260803A0AQEF00,0.0,0,external_positive,
chinanews:/cul/2026/07-26/10666649,捷克童声合唱团长春唱响中外名曲,https://www.chinanews.com.cn/cul/2026/07-26/10666649.shtml,30.0,10,external_positive,
chinanews:/cj/2026/08-06/10672786,以“蒸馏”之名，行霸权之实,https://www.chinanews.com.cn/cj/2026/08-06/10672786.shtml,5.0,0,internal_positive,
7668291819754504739,60岁男子坚持广州深圳往返通勤14年，回应“一把年纪这么折腾”：因为有值得做的事,https://m.gmw.cn/toutiao/2026-07/30/content_1304540569.htm,0.0,0,internal_positive,
7667200499107594793,从息肉发展成肠癌会经历4个阶段,https://m.gmw.cn/toutiao/2026-07/27/content_1304538964.htm,20.0,0,internal_positive,
7667167584273334847,人社部：“十五五”时期全国调解仲裁文书将统一,https://wap.cyol.com/commonDetail/1427528,20.0,10,internal_positive,
7666797640729838120,今年下半年坝河北护城河至城市副中心将全线具备通航条件,http://t.ynet.cn/h5/38478641.html,20.0,45,internal_positive,
7667718540660654644,藏书家往谈录,http://t.ynet.cn/h5/38490681.html,30.0,0,internal_positive,
7665928775082836495,2026年武汉市公安局招聘警务辅助人员笔试成绩查询和资格复审有关事项公告,http://feed.huiwen.co/rssv2/toutiaohao_article_jpjiaoyu_718a2d0a9d9746608fbf9a0be1b13543/item/IL20YD8C9NNPE5S.html,0.0,0,external_positive,
tencent:20260801A04VKF00,民族团结法治护航 宁夏“一法一条例”构筑共有精神家园,https://view.inews.qq.com/a/20260801A04VKF00,25.0,0,internal_positive,
tencent:20260730A07LKH00,海南东方“夜间警务”新模式点亮平安夜生活,https://view.inews.qq.com/a/20260730A07LKH00,0.0,0,external_positive,
